Algorithm,cosine,adjusted_cosine_similarity,common_pearson_corr,extended_jaccard,jaccard,mean_centered_cosine,median_centered_pearson_corr,pearson_corr,mean_squared_difference,euclidean1,euclidean2,spearman_rank_correlation
RMSE,1.00577904119,2.44747509569,1.43881140475,0.987610601261,0.999300503921,1.25613617041,1.32930079311,1.0882481945,1.21331127912,1.04173214731,1.14618961345,1.04302657733
MAE,0.796548936117,1.91348217495,1.123518267,0.779496204503,0.789443046916,0.977765919481,0.981474504452,0.83683128178,0.937041875175,0.839614720987,0.904173039984,0.81918901411
