Algorithm,cosine,adjusted_cosine_similarity,common_pearson_corr,extended_jaccard,jaccard,mean_centered_cosine,median_centered_pearson_corr,pearson_corr,mean_squared_difference,euclidean1,euclidean2,spearman_rank_correlation
RMSE,0.976674773899,1.10026285512,1.13298989998,0.952148643416,0.966466516697,0.993454920593,1.02048308527,0.955525420361,1.22208454573,1.10352673076,1.16977492821,0.972550247886
MAE,0.759968283378,0.837283305022,0.899091185231,0.741109792345,0.751642531067,0.772664227261,0.791392352304,0.746049092869,0.934133679742,0.884625751615,0.918963584394,0.760908257663
