Algorithm,cosine,adjusted_cosine_similarity,common_pearson_corr,extended_jaccard,jaccard,mean_centered_cosine,median_centered_pearson_corr,pearson_corr,mean_squared_difference,euclidean1,euclidean2,spearman_rank_correlation
RMSE,1.24549842228,1.32890337804,1.31997432331,1.25345151027,1.25748499575,1.23032509617,1.31324999945,1.24835167664,1.29400676847,1.33104216914,1.33104216914,1.26505143192
MAE,0.976483276486,1.03991023591,1.03485655082,0.983861875251,0.985933724152,0.960449632066,1.02970197565,0.97947556326,1.01163830973,1.05011296028,1.05011296028,0.988787438746
