Algorithm,cosine,adjusted_cosine_similarity,common_pearson_corr,extended_jaccard,jaccard,mean_centered_cosine,median_centered_pearson_corr,pearson_corr,mean_squared_difference,euclidean1,euclidean2,spearman_rank_correlation
RMSE,1.2517226349,1.34386640304,1.32450751353,1.26116770297,1.26821140454,1.22831730689,1.3587344842,1.25633899635,1.35167247333,1.32554716499,1.32554716499,1.27503704976
MAE,0.971072093497,1.03920669486,1.02554991649,0.979449671461,0.983576286429,0.948989007349,1.051913146,0.975357666964,1.04377055116,1.03496413166,1.03496413166,0.985928295403
