Algorithm,cosine,adjusted_cosine_similarity,extended_jaccard,median_centered_pearson_corr,pearson_corr,mean_squared_difference,spearman_rank_correlation
RMSE,1.03842524401,1.03262715612,1.03629658503,1.03274788476,1.03665615018,1.03315678166,1.03794222361
MAE,0.831680668609,0.826294427158,0.829634127094,0.826221027139,0.83067736889,0.825136177273,0.831705268875
