Algorithm,cosine,adjusted_cosine_similarity,common_pearson_corr,extended_jaccard,jaccard,mean_centered_cosine,median_centered_pearson_corr,pearson_corr,mean_squared_difference,euclidean1,euclidean2,spearman_rank_correlation
RMSE,1.01267714943,1.51755539398,1.16301150653,1.01058277473,1.01729200873,1.13750201113,1.05665916359,1.01414668367,1.06696230954,1.03275107157,1.16634630883,1.03123962585
MAE,0.805349305711,1.06583131482,0.875846839392,0.805489822201,0.809270501953,0.860127482297,0.808061106635,0.804758446975,0.826511514978,0.832236001698,0.931449750663,0.815502610589
