Algorithm,cosine,adjusted_cosine_similarity,extended_jaccard,median_centered_pearson_corr,pearson_corr,mean_squared_difference,spearman_rank_correlation
RMSE,1.00685390262,0.981485636902,0.98675862487,0.986582358896,0.991216453791,0.991604516075,0.998402176842
MAE,0.793386722366,0.77583184374,0.777507043679,0.776548643125,0.78412892336,0.782262843829,0.790384923671
