predictor,MAE,RMSE
UserMeanRatingPredictor,0.8283273447196533,1.0307591374909639
MovieMeanRatingPredictor,0.8030262303916571,1.0000549604417706
