Algorithm,cosine,euclidean,adjusted_cosine_similarity,common_pearson_corr,extended_jaccard,jaccard,mean_centered_cosine,median_centered_pearson_corr,pearson_corr,common_spearman_rank_correlation,mean_squared_difference
RMSE,0.9766747739,1.1035756438,1.1002628551,1.1329899,0.9521486434,0.9664665167,0.9934549206,1.0204830853,0.9555254204,1.1352942576,1.2220845457
MAE,0.7599682834,0.8846500157,0.837283305,0.8990911852,0.7411097923,0.7516425311,0.7726642273,0.7913923523,0.7460490929,0.9013839776,0.9341336797
