Algorithm,cosine,euclidean,adjusted_cosine_similarity,common_pearson_corr,extended_jaccard,jaccard,mean_centered_cosine,median_centered_pearson_corr,pearson_corr,spearman_rank_correlation,mean_squared_difference
RMSE,0.927400650314,0.971537041104,0.971350436582,0.995919701438,0.928136262563,0.934643095652,0.940867493585,0.964426853975,0.918635658138,0.996282835402,1.07230512014
MAE,0.725837558893,0.762457761141,0.760471628541,0.777157884703,0.723697830481,0.729086171826,0.728320233802,0.754908893091,0.718046150218,0.777299675011,0.835745427102
