Algorithm,cosine,euclidean,adjusted_cosine_similarity,common_pearson_corr,extended_jaccard,jaccard,mean_centered_cosine,median_centered_pearson_corr,pearson_corr,spearman_rank_correlation,mean_squared_difference
RMSE,0.9612043728,0.98719786836,0.998551444147,0.977104275093,0.96025042821,0.965337315842,0.954936309899,0.98626301288,0.959660539506,0.977994632604,1.05490794848
MAE,0.752414264964,0.781837358504,0.786189077671,0.768705515331,0.753044536928,0.757675578109,0.74635000313,0.781438155637,0.752250979968,0.769248180195,0.825984547404
