Algorithm,cosine,euclidean,adjusted_cosine_similarity,common_pearson_corr,extended_jaccard,jaccard,mean_centered_cosine,median_centered_pearson_corr,pearson_corr,common_spearman_rank_correlation,mean_squared_difference
RMSE,0.9612043728,0.9871978684,0.9985514441,0.9771042751,0.9602504282,0.9653373158,0.9549363099,0.9862630129,0.9596605395,0.9779946326,1.0549079485
MAE,0.752414265,0.7818373585,0.7861890777,0.7687055153,0.7530445369,0.7576755781,0.7463500031,0.7814381556,0.75225098,0.7692481802,0.8259845474
