Algorithm,cosine,euclidean,adjusted_cosine_similarity,common_pearson_corr,extended_jaccard,jaccard,mean_centered_cosine,median_centered_pearson_corr,pearson_corr,common_spearman_rank_correlation,mean_squared_difference,spearman_rank_correlation
RMSE,1.02911756362,1.06901738061,0.986147230484,1.03636637312,1.02606917873,1.0365992284,1.02153544211,1.01688488018,1.02818809571,1.03907278853,0.997830276038,1.0452972595
MAE,0.817982349099,0.864866349757,0.777914349008,0.822901348895,0.818138348973,0.823426349235,0.811779349015,0.800201348947,0.817050349265,0.82559534899,0.786873348944,0.829646349533
