Algorithm,cosine,euclidean,adjusted_cosine_similarity,common_pearson_corr,extended_jaccard,jaccard,mean_centered_cosine,median_centered_pearson_corr,pearson_corr,common_spearman_rank_correlation,mean_squared_difference,spearman_rank_correlation
RMSE,1.0137234025,1.03241594484,0.973525531862,1.01305465685,1.01158636846,1.01840331606,1.00831220043,0.999557736715,1.01214763617,1.0143144561,0.985810323035,1.02371882716
MAE,0.806413346486,0.831754347625,0.7684793472,0.805391346718,0.806556013032,0.810527346159,0.802313346735,0.787090679042,0.804933680189,0.806725680354,0.778599679991,0.81449301312
