Algorithm,cosine,euclidean,adjusted_cosine_similarity,common_pearson_corr,extended_jaccard,jaccard,mean_centered_cosine,median_centered_pearson_corr,pearson_corr,common_spearman_rank_correlation,mean_squared_difference,spearman_rank_correlation
RMSE,0.97018998822,1.02093700441,1.05652934384,1.11606776933,0.957773767355,0.966899538875,0.990625995734,1.09832504585,0.964414440448,1.11893408524,1.16451305122,1.00477143025
MAE,0.758395775974,0.792465211941,0.827054617521,0.878487243887,0.744097353188,0.749901197254,0.770393757955,0.864756065103,0.751392807769,0.87993170074,0.912011846868,0.772698328664
