Algorithm,cosine,euclidean,adjusted_cosine_similarity,common_pearson_corr,extended_jaccard,jaccard,mean_centered_cosine,median_centered_pearson_corr,pearson_corr,common_spearman_rank_correlation,mean_squared_difference,spearman_rank_correlation
RMSE,1.04363284992,1.0682406819,1.02494331447,1.07732935449,1.03797037373,1.05085694923,1.05037648465,1.06591530496,1.04001886286,1.07927365721,1.07846497664,1.08255187243
MAE,0.820254909096,0.838209421443,0.809320097007,0.853054982105,0.816999630551,0.821393624471,0.822563430485,0.847362510826,0.817453121138,0.853135099047,0.847676364725,0.843715028777
