Algorithm,pearson_corr
RMSE,1.01647385465
MAE,0.806545952192
