Algorithm,pearson_corr
RMSE,0.992465876626
MAE,0.771485322876
