Algorithm,euclidean1,euclidean2,spearman_rank_correlation
RMSE,1.06901738061,1.06901738061,1.0452972595
MAE,0.864866349757,0.864866349757,0.829646349533
