Algorithm,euclidean1,euclidean2,spearman_rank_correlation
RMSE,1.03241594484,1.03241594484,1.02371882716
MAE,0.831754347625,0.831754347625,0.81449301312
