Algorithm,pearson_corr
RMSE,0.946307061248
MAE,0.737787530245
