Algorithm,pearson_corr
RMSE,0.916271937449
MAE,0.716867998946
