Algorithm,pearson_corr
RMSE,0.972310257207
MAE,0.757661210143
