Algorithm,pearson_corr
RMSE,0.912803443844
MAE,0.715984733177
