Algorithm,pearson_corr
RMSE,1.01414668367
MAE,0.804758446975
