Algorithm,pearson_corr
RMSE,0.947111087304
MAE,0.74175680894
