Algorithm,pearson_corr
RMSE,0.945303630204
MAE,0.740645709904
