Algorithm,pearson_corr
RMSE,0.917338965315
MAE,0.718561129884
