Algorithm,euclidean1,euclidean2,spearman_rank_correlation
RMSE,1.10387307969,1.10387307969,0.975931900163
MAE,0.884758969893,0.884758969893,0.764117486249
