Algorithm,pearson_corr
RMSE,0.944594212232
MAE,0.737159105552
