Algorithm,pearson_corr
RMSE,0.911941930298
MAE,0.714500842207
