Algorithm,cosine,adjusted_cosine_similarity,common_pearson_corr,euclidean,extended_jaccard,jaccard,mean_centered_cosine,median_centered_pearson_corr,pearson_corr,spearman_rank_correlation,mean_squared_difference
RMSE,1.0290877797,1.17271114211,1.09605141484,1.06955852499,1.02628968603,1.03636109283,1.07472756298,1.0458552372,1.03129451172,1.10058365183,1.07710533951
MAE,0.818021761342,0.85612713041,0.846408630248,0.865653049263,0.818336760277,0.82317062035,0.831192056618,0.810333467426,0.818223847854,0.850008023212,0.833177435714
