Algorithm,cosine,euclidean,adjusted_cosine_similarity,common_pearson_corr,extended_jaccard,jaccard,mean_centered_cosine,median_centered_pearson_corr,pearson_corr,common_spearman_rank_correlation,mean_squared_difference
RMSE,1.0129213883,1.026841029,1.8912401981,1.2662443336,1.0116063114,1.016619244,1.22654627,1.0878725483,1.0145207094,1.2746075153,1.0683986506
MAE,0.8059416183,0.8256139883,1.3631064908,0.9410844024,0.8059900654,0.8090260663,0.9154116204,0.824622765,0.8053873421,0.9462184386,0.8291960133
