Algorithm,cosine,euclidean,adjusted_cosine_similarity,common_pearson_corr,extended_jaccard,jaccard,mean_centered_cosine,median_centered_pearson_corr,pearson_corr,common_spearman_rank_correlation,mean_squared_difference
RMSE,1.0636688424,1.1284683214,1.1303910061,1.1166582925,1.0618030056,1.0721001543,1.0875552281,1.0771721883,1.0666396745,1.1214095078,1.1027602565
MAE,0.8424421337,0.9108477137,0.8513411485,0.8688977438,0.84375665,0.8491323178,0.8467148557,0.8374348344,0.8436328781,0.8728726336,0.8528008391
