Algorithm,cosine,adjusted_cosine_similarity,common_pearson_corr,euclidean,extended_jaccard,jaccard,mean_centered_cosine,median_centered_pearson_corr,pearson_corr,common_spearman_rank_correlation,mean_squared_difference
RMSE,1.0290877797,1.1727111421,1.0960514148,1.069558525,1.026289686,1.0363610928,1.074727563,1.0458552372,1.0312945117,1.1005836518,1.0771053395
MAE,0.8180217613,0.8561271304,0.8464086302,0.8656530493,0.8183367603,0.8231706204,0.8311920566,0.8103334674,0.8182238479,0.8500080232,0.8331774357
